{
    "rmse": 0.5600283375744912,
    "mae": 0.44160001295740886,
    "r2": 0.5200781532603251
}